{"cameraMode":{"drawMode":0,"name":"Shaded","section":"Shading Mode"},"sceneLighting":false,"audioPlay":false,"sceneViewState":{"m_AlwaysRefresh":false,"showFog":true,"showSkybox":false,"showFlares":true,"showImageEffects":true,"showParticleSystems":true,"showVisualEffectGraphs":true,"m_FxEnabled":true},"in2DMode":false,"pivot":{"x":-0.41411474347114565,"y":0.4767577052116394,"z":-4.570204734802246},"rotation":{"x":-0.0002426622959319502,"y":-0.9990406036376953,"z":0.0063049690797924999,"w":-0.04438260942697525},"size":1.3740781545639039,"orthographic":false}