{"cameraMode":{"drawMode":0,"name":"Shaded","section":"Shading Mode"},"sceneLighting":false,"audioPlay":false,"sceneViewState":{"m_AlwaysRefresh":false,"showFog":true,"showSkybox":false,"showFlares":true,"showImageEffects":true,"showParticleSystems":true,"showVisualEffectGraphs":true,"m_FxEnabled":true},"in2DMode":false,"pivot":{"x":-0.1982416957616806,"y":-1.061795949935913,"z":33.082481384277347},"rotation":{"x":-0.5194545388221741,"y":0.01588393747806549,"z":-0.009677194058895111,"w":-0.8543121218681336},"size":3.1910243034362795,"orthographic":false}