{"cameraMode":{"drawMode":0,"name":"Shaded","section":"Shading Mode"},"sceneLighting":false,"audioPlay":false,"sceneViewState":{"m_AlwaysRefresh":false,"showFog":true,"showSkybox":false,"showFlares":true,"showImageEffects":true,"showParticleSystems":true,"showVisualEffectGraphs":true,"m_FxEnabled":true},"in2DMode":false,"pivot":{"x":1.3380519151687623,"y":-2.0846376419067385,"z":48.446197509765628},"rotation":{"x":-0.5978261828422546,"y":0.0076864310540258888,"z":-0.005752107594162226,"w":-0.8015870451927185},"size":3.72102952003479,"orthographic":false}