{"cameraMode":{"drawMode":0,"name":"Shaded","section":"Shading Mode"},"sceneLighting":false,"audioPlay":false,"sceneViewState":{"m_AlwaysRefresh":false,"showFog":true,"showSkybox":false,"showFlares":true,"showImageEffects":true,"showParticleSystems":true,"showVisualEffectGraphs":true,"m_FxEnabled":true},"in2DMode":false,"pivot":{"x":2.008451223373413,"y":0.14355874061584474,"z":0.6733667254447937},"rotation":{"x":-0.5329029560089111,"y":0.17527993023395539,"z":-0.11392616480588913,"w":-0.8199719786643982},"size":3.3789191246032717,"orthographic":false}