{"cameraMode":{"drawMode":0,"name":"Shaded","section":"Shading Mode"},"sceneLighting":false,"audioPlay":false,"sceneViewState":{"m_AlwaysRefresh":false,"showFog":true,"showSkybox":false,"showFlares":true,"showImageEffects":true,"showParticleSystems":true,"showVisualEffectGraphs":true,"m_FxEnabled":true},"in2DMode":false,"pivot":{"x":1.3485960960388184,"y":-1.8374052047729493,"z":97.83638763427735},"rotation":{"x":-0.13786427676677705,"y":-0.009807895869016648,"z":0.0013457987224683166,"w":-0.9904162883758545},"size":4.9926838874816898,"orthographic":false}