{"cameraMode":{"drawMode":0,"name":"Shaded","section":"Shading Mode"},"sceneLighting":false,"audioPlay":false,"sceneViewState":{"m_AlwaysRefresh":false,"showFog":true,"showSkybox":false,"showFlares":true,"showImageEffects":true,"showParticleSystems":true,"showVisualEffectGraphs":true,"m_FxEnabled":true},"in2DMode":false,"pivot":{"x":1.3329076766967774,"y":-0.1331089735031128,"z":11.785567283630371},"rotation":{"x":-0.15860040485858918,"y":-0.021622342988848687,"z":0.003464439185336232,"w":-0.9871119260787964},"size":4.265285015106201,"orthographic":false}