{"cameraMode":{"drawMode":0,"name":"Shaded","section":"Shading Mode"},"sceneLighting":false,"audioPlay":false,"sceneViewState":{"m_AlwaysRefresh":false,"showFog":true,"showSkybox":false,"showFlares":true,"showImageEffects":true,"showParticleSystems":true,"showVisualEffectGraphs":true,"m_FxEnabled":true},"in2DMode":false,"pivot":{"x":-1.4248138666152955,"y":-1.4001281261444092,"z":56.77021789550781},"rotation":{"x":-0.24079452455043794,"y":0.031146295368671418,"z":-0.0077473996207118038,"w":-0.9700605273246765},"size":2.602503538131714,"orthographic":false}