{"cameraMode":{"drawMode":0,"name":"Shaded","section":"Shading Mode"},"sceneLighting":false,"audioPlay":false,"sceneViewState":{"m_AlwaysRefresh":false,"showFog":true,"showSkybox":false,"showFlares":true,"showImageEffects":true,"showParticleSystems":true,"showVisualEffectGraphs":true,"m_FxEnabled":true},"in2DMode":false,"pivot":{"x":0.2206573486328125,"y":25.45931053161621,"z":0.7268028259277344},"rotation":{"x":-0.0782623291015625,"y":0.26642924547195437,"z":-0.021720321848988534,"w":-0.9604387879371643},"size":56.66769027709961,"orthographic":false}