{"cameraMode":{"drawMode":0,"name":"Shaded","section":"Shading Mode"},"sceneLighting":false,"audioPlay":false,"sceneViewState":{"m_AlwaysRefresh":false,"showFog":true,"showSkybox":false,"showFlares":true,"showImageEffects":true,"showParticleSystems":true,"showVisualEffectGraphs":true,"m_FxEnabled":true},"in2DMode":false,"pivot":{"x":1.5038739442825318,"y":-0.5257375240325928,"z":44.375335693359378},"rotation":{"x":-0.06025710329413414,"y":-0.023356206715106965,"z":0.0013948122505098582,"w":-0.9979244470596314},"size":4.798236846923828,"orthographic":false}